freq,Zreal,Zimag,sigma_im
999.0404050000001,0.11313164404716078,0.0030538713296275957,5.046260031947166e-09
891.425842,0.1129106358424658,0.0025639895632681986,2.5323518143007505e-09
794.237671,0.11274288314925936,0.0020656008934876596,1.7450943472324914e-09
707.50946,0.11263125178373103,0.0015696645548524124,1.6763388853534091e-09
631.009521,0.11257534057566716,0.001087387312769944,1.9379081127381904e-09
562.339172,0.11257209321134544,0.0006153700306439636,2.840599248351536e-09
500.80123899999995,0.11262000037702061,0.0001590189232741207,5.388208349447236e-09
